{
	"pattrstorage" : 	{
		"name" : "u646005219",
		"slots" : 		{
			"1" : 			{
				"id" : 1,
				"data" : 				{
					"attack" : [ 0.012016065085112, 0.153807109861232, 0.273210094935858, 0.3478369606075, 0.422463826279142, 0.474702632249291, 0.504553378517948, 0.541866811353769, 0.601568303891082, 0.698583229264217 ],
					"curve" : [ 0.655737704918033, 0.655737704918033, 0.655737704918033, 0.655737704918033, 0.622950819672131, 0.60655737704918, 0.573770491803279, 0.557377049180328, 0.557377049180328, 0.573770491803279 ],
					"duration" : [ 143 ],
					"harmonics" : [ 1, 8, 13, 16, 19, 22, 24, 25, 27, 27 ],
					"level" : [ 0.944559999987483, 0.904959999978542, 0.801999999955296, 0.699039999932051, 0.508959999889135, 0.358479999855161, 0.19215999981761, 0.19215999981761, 0.176319999814034, 0.144639999806881 ],
					"live.tab" : [ 0.0 ],
					"live.tab[1]" : [ 0.0 ],
					"pan" : [ -0.032786885245902, 0.229508196721312, -0.39344262295082, -0.311475409836066, -0.213114754098361, -0.065573770491803, 0.114754098360656, 0.442622950819672, 0.491803278688525, -0.39344262295082 ],
					"release" : [ 0.512124280431377, 0.512124280431377, 0.273210094935858, 0.3478369606075, 0.422463826279142, 0.474702632249291, 0.504553378517948, 0.541866811353769, 0.601568303891082, 0.713508602398545 ],
					"transposition" : [ 0, 0, 0, 0, 0, 0, 0, -1, -1, -1 ],
					"voices" : [ 10 ]
				}

			}
,
			"2" : 			{
				"id" : 2,
				"data" : 				{
					"attack" : [ 0.922463826279142, 0.825448900906008, 0.026941438219441, 0.512016065085112, 0.43738919941347, 0.370225020308993, 0.303060841204515, 0.198583229264217, 0.049329497920933, 0.0 ],
					"curve" : [ 0.655737704918033, 0.655737704918033, 0.655737704918033, 0.655737704918033, 0.622950819672131, 0.60655737704918, 0.573770491803279, 0.557377049180328, 0.557377049180328, 0.573770491803279 ],
					"duration" : [ 143 ],
					"harmonics" : [ 1, 8, 13, 16, 19, 22, 24, 25, 27, 27 ],
					"level" : [ 0.944559999987483, 0.904959999978542, 0.801999999955296, 0.699039999932051, 0.524799999892712, 0.44559999987483, 0.40599999986589, 0.31887999984622, 0.097119999796152, 0.009999999776483 ],
					"live.tab" : [ 0.0 ],
					"live.tab[1]" : [ 0.0 ],
					"pan" : [ -0.032786885245902, 0.229508196721312, -0.39344262295082, -0.311475409836066, -0.213114754098361, -0.065573770491803, 0.114754098360656, 0.442622950819672, 0.491803278688525, -0.39344262295082 ],
					"release" : [ 0.922463826279142, 0.877687706876157, 0.743359348667202, 0.549329497920933, 0.48962800538362, 0.474702632249291, 0.504553378517948, 0.541866811353769, 0.601568303891082, 0.713508602398545 ],
					"transposition" : [ 1, 1, -3, -1, -1, -1, -1, -2, -3, -4 ],
					"voices" : [ 10 ]
				}

			}
,
			"3" : 			{
				"id" : 3,
				"data" : 				{
					"attack" : [ 0.817986214338844, 0.832911587473172, 0.773210094935858, 0.750822035234366, 0.071717557622426, 0.056792184488097, 0.056792184488097, 0.064254871055261, 0.086642930756754, 0.273210094935858 ],
					"curve" : [ 0.836065573770492, 0.852459016393443, 0.852459016393443, 0.868852459016394, 0.868852459016394, 0.852459016393443, 0.80327868852459, 0.786885245901639, 0.754098360655738, 0.655737704918033 ],
					"duration" : [ 269 ],
					"harmonics" : [ 1, 8, 13, 16, 19, 22, 24, 25, 27, 27 ],
					"level" : [ 0.944559999987483, 0.904959999978542, 0.801999999955296, 0.699039999932051, 0.508959999889135, 0.358479999855161, 0.19215999981761, 0.19215999981761, 0.176319999814034, 0.144639999806881 ],
					"live.tab" : [ 0.0 ],
					"live.tab[1]" : [ 0.0 ],
					"pan" : [ -0.032786885245902, 0.229508196721312, -0.39344262295082, -0.311475409836066, -0.213114754098361, -0.065573770491803, 0.114754098360656, 0.442622950819672, 0.491803278688525, -0.39344262295082 ],
					"release" : [ 0.817986214338844, 0.855299647174664, 0.832911587473172, 0.750822035234366, 0.616493677025411, 0.676195169562724, 0.750822035234366, 0.817986214338844, 0.855299647174664, 0.728433975532873 ],
					"transposition" : [ 0, 0, 0, 0, 0, 0, 0, -1, -1, -1 ],
					"voices" : [ 10 ]
				}

			}
,
			"4" : 			{
				"id" : 4,
				"data" : 				{
					"attack" : [ 0.012016065085112, 0.153807109861232, 0.273210094935858, 0.3478369606075, 0.422463826279142, 0.474702632249291, 0.504553378517948, 0.541866811353769, 0.601568303891082, 0.698583229264217 ],
					"curve" : [ 0.655737704918033, 0.655737704918033, 0.655737704918033, 0.655737704918033, 0.622950819672131, 0.60655737704918, 0.573770491803279, 0.557377049180328, 0.557377049180328, 0.573770491803279 ],
					"duration" : [ 462 ],
					"harmonics" : [ 1, 8, 13, 16, 19, 22, 24, 25, 27, 15 ],
					"level" : [ 0.944559999987483, 0.904959999978542, 0.801999999955296, 0.699039999932051, 0.508959999889135, 0.358479999855161, 0.19215999981761, 0.19215999981761, 0.176319999814034, 0.144639999806881 ],
					"live.tab" : [ 0.0 ],
					"live.tab[1]" : [ 0.0 ],
					"pan" : [ -0.032786885245902, 0.229508196721312, -0.39344262295082, -0.311475409836066, -0.213114754098361, -0.065573770491803, 0.114754098360656, 0.442622950819672, 0.491803278688525, -0.39344262295082 ],
					"release" : [ 0.512124280431377, 0.512124280431377, 0.273210094935858, 0.3478369606075, 0.422463826279142, 0.474702632249291, 0.504553378517948, 0.541866811353769, 0.601568303891082, 0.713508602398545 ],
					"transposition" : [ 0, 0, 0, 0, 0, 0, 0, -1, -1, -1 ],
					"voices" : [ 10 ]
				}

			}
,
			"100" : 			{
				"id" : 100,
				"data" : 				{
					"attack" : [ 0.817986214338844, 0.832911587473172, 0.773210094935858, 0.750822035234366, 0.623956363592575, 0.974702632249291, 0.974702632249291, 0.93738919941347, 0.915001139711978, 0.997090691950784 ],
					"curve" : [ 0.836065573770492, 0.852459016393443, 0.852459016393443, 0.868852459016394, 0.868852459016394, 0.852459016393443, 0.80327868852459, 0.786885245901639, 0.754098360655738, 0.655737704918033 ],
					"duration" : [ 269 ],
					"harmonics" : [ 1, 8, 13, 16, 19, 22, 24, 25, 27, 27 ],
					"level" : [ 0.152559999808669, 0.152559999808669, 0.152559999808669, 0.152559999808669, 0.152559999808669, 0.152559999808669, 0.152559999808669, 0.097119999796152, 0.033759999781847, 0.009999999776483 ],
					"live.tab" : [ 0.0 ],
					"live.tab[1]" : [ 0.0 ],
					"pan" : [ -0.032786885245902, 0.229508196721312, -0.39344262295082, -0.311475409836066, -0.213114754098361, -0.065573770491803, 0.114754098360656, 0.442622950819672, 0.491803278688525, -0.39344262295082 ],
					"release" : [ 0.817986214338844, 0.855299647174664, 0.832911587473172, 0.750822035234366, 0.623956363592575, 0.974702632249291, 0.974702632249291, 0.967239945682127, 0.929926512846306, 1.0 ],
					"transposition" : [ 0, 0, 0, 0, 0, 0, 0, -1, -1, -1 ],
					"voices" : [ 10 ]
				}

			}
,
			"101" : 			{
				"id" : 101,
				"data" : 				{
					"attack" : [ 0.817986214338844, 0.832911587473172, 0.773210094935858, 0.750822035234366, 0.623956363592575, 0.974702632249291, 0.974702632249291, 0.93738919941347, 0.915001139711978, 0.997090691950784 ],
					"curve" : [ 0.836065573770492, 0.852459016393443, 0.852459016393443, 0.868852459016394, 0.868852459016394, 0.852459016393443, 0.80327868852459, 0.786885245901639, 0.754098360655738, 0.655737704918033 ],
					"duration" : [ 131 ],
					"harmonics" : [ 1, 8, 13, 16, 19, 22, 24, 25, 27, 27 ],
					"level" : [ 0.548559999898076, 0.548559999898076, 0.548559999898076, 0.548559999898076, 0.548559999898076, 0.548559999898076, 0.548559999898076, 0.548559999898076, 0.524799999892712, 0.564399999901652 ],
					"live.tab" : [ 0.0 ],
					"live.tab[1]" : [ 0.0 ],
					"pan" : [ -0.032786885245902, 0.229508196721312, -0.39344262295082, -0.311475409836066, -0.213114754098361, -0.065573770491803, 0.114754098360656, 0.442622950819672, 0.491803278688525, -0.39344262295082 ],
					"release" : [ 0.817986214338844, 0.855299647174664, 0.832911587473172, 0.750822035234366, 0.623956363592575, 0.974702632249291, 0.974702632249291, 0.967239945682127, 0.929926512846306, 1.0 ],